filename,fd
allwhite.png,1.9381697574939485
baboon.png,2.6219122338083003
koch_3.png,2.059081912555264
koch_7.png,1.9833327816519428
river.jpg,2.4458879803733353
