filename,fd_edge
allwhite.png,0.0
baboon.png,1.8199284193166099
koch_3.png,1.3267132086689415
koch_7.png,1.1716545397936564
river.jpg,1.7360846283212905
